﻿<?xml version="1.0" encoding="utf-8" ?>
<hibernate-configuration xmlns="urn:nhibernate-configuration-2.2">
  <!-- an ISessionFactory instance -->
  <session-factory>
    <!-- properties -->
    <property name="connection.provider">
      NHibernate.Connection.DriverConnectionProvider
    </property>
    <property name="connection.driver_class">
      NHibernate.Driver.MySqlDataDriver
    </property>
    <property name="connection.connection_string">
      Server=localhost;Database=k-kartei;User ID=root;Password=;SslMode=none;
    </property>
    <property name="dialect">
      NHibernate.Dialect.MySQL5Dialect
    </property>
    <!-- mapping files -->
    <property name="show_sql">true</property>
   
  </session-factory>
</hibernate-configuration>
