﻿<?xml version="1.0" encoding="utf-8" ?>
<hibernate-mapping xmlns="urn:nhibernate-mapping-2.2"  assembly="k_kartei" namespace="k_kartei.Models">

  <class name="Customer">
    <id name="id"  type="Int64">
      <column name="id" sql-type="BIGINT" not-null="false" />
      <generator class="native"/>

    </id>
    <property name="name"  type="String" >
      <column name="name" sql-type="VARCHAR(255)" not-null="false" />
    </property>
    <property name="vorname"  type="String">
      <column name="vorname" sql-type="VARCHAR(255)" not-null="false" />
    </property>


    <property name="birth" type="String">
      <column name="birth" sql-type="VARCHAR(16)" not-null="false" />
    </property>
    <property name="adresse" type="String">
      <column name="adresse" sql-type="VARCHAR(255)" not-null="false" />
    </property>
  </class>
</hibernate-mapping>
